{
  "results": [
    {
      "command": "servo-fetch",
      "mean": 0.3306850165,
      "stddev": 0.11991345842133583,
      "median": 0.27971422900000004,
      "user": 0.1129443,
      "system": 0.1090792,
      "min": 0.25569229200000004,
      "max": 0.613465958,
      "times": [
        0.282112291,
        0.268032584,
        0.264919416,
        0.270578333,
        0.25569229200000004,
        0.28031883300000004,
        0.27910962500000003,
        0.307452542,
        0.613465958,
        0.48516829100000003
      ],
      "memory_usage_byte": [
        104906752,
        105218048,
        105218048,
        105218048,
        105218048,
        105349120,
        105349120,
        110510080,
        110542848,
        110542848
      ],
      "exit_codes": [
        0,
        0,
        0,
        0,
        0,
        0,
        0,
        0,
        0,
        0
      ]
    },
    {
      "command": "chrome-headless-shell",
      "mean": 0.3144106041,
      "stddev": 0.016584107849324577,
      "median": 0.310445062,
      "user": 0.2671052,
      "system": 0.1543089,
      "min": 0.301250167,
      "max": 0.36008920800000005,
      "times": [
        0.310477583,
        0.307097125,
        0.314918792,
        0.31331345800000004,
        0.312361167,
        0.31041254100000004,
        0.301250167,
        0.36008920800000005,
        0.304104291,
        0.31008170900000004
      ],
      "memory_usage_byte": [
        110542848,
        110542848,
        110542848,
        110542848,
        110542848,
        110542848,
        110542848,
        110542848,
        110542848,
        110542848
      ],
      "exit_codes": [
        0,
        0,
        0,
        0,
        0,
        0,
        0,
        0,
        0,
        0
      ]
    },
    {
      "command": "lightpanda",
      "mean": 0.4649871001,
      "stddev": 0.3189417510181742,
      "median": 0.33415695850000005,
      "user": 0.0445931,
      "system": 0.012298799999999999,
      "min": 0.304979375,
      "max": 1.340689875,
      "times": [
        0.31408162500000003,
        1.340689875,
        0.304979375,
        0.315064292,
        0.35937791700000005,
        0.337940583,
        0.330373334,
        0.32274858300000003,
        0.574284209,
        0.45033120800000004
      ],
      "memory_usage_byte": [
        110542848,
        110542848,
        110542848,
        110542848,
        110542848,
        110542848,
        110542848,
        110542848,
        110542848,
        110542848
      ],
      "exit_codes": [
        0,
        0,
        0,
        0,
        0,
        0,
        0,
        0,
        0,
        0
      ]
    },
    {
      "command": "playwright:optimized",
      "mean": 0.7981869458,
      "stddev": 0.15651131329536885,
      "median": 0.7579159790000001,
      "user": 0.5014409,
      "system": 0.23705880000000001,
      "min": 0.588723709,
      "max": 1.157388875,
      "times": [
        0.7706094170000001,
        0.588723709,
        0.66109425,
        0.8059187910000001,
        0.7370577920000001,
        0.8461407500000001,
        0.744259667,
        0.925453666,
        1.157388875,
        0.7452225410000001
      ],
      "memory_usage_byte": [
        110542848,
        110542848,
        110542848,
        110542848,
        110542848,
        110542848,
        110542848,
        110542848,
        110542848,
        110542848
      ],
      "exit_codes": [
        0,
        0,
        0,
        0,
        0,
        0,
        0,
        0,
        0,
        0
      ]
    }
  ]
}
