{
  "results": [
    {
      "command": "servo-fetch",
      "mean": 0.23506324300000003,
      "stddev": 0.012819960379720203,
      "median": 0.233076271,
      "user": 0.053737833333333325,
      "system": 0.08913558333333332,
      "min": 0.215788166,
      "max": 0.265951834,
      "times": [
        0.23429358400000003,
        0.22621554200000002,
        0.231460416,
        0.23436166600000002,
        0.25159295800000003,
        0.23692462500000003,
        0.265951834,
        0.22856662500000002,
        0.22738058400000002,
        0.215788166,
        0.231858958,
        0.236363958
      ],
      "memory_usage_byte": [
        86343680,
        86343680,
        86343680,
        86343680,
        86343680,
        86343680,
        86343680,
        86343680,
        86343680,
        86343680,
        86343680,
        86343680
      ],
      "exit_codes": [
        0,
        0,
        0,
        0,
        0,
        0,
        0,
        0,
        0,
        0,
        0,
        0
      ]
    },
    {
      "command": "chrome-headless-shell",
      "mean": 0.2795917311818182,
      "stddev": 0.015593353447955382,
      "median": 0.278744459,
      "user": 0.21306045454545453,
      "system": 0.12795818181818183,
      "min": 0.250456917,
      "max": 0.313684833,
      "times": [
        0.27133425,
        0.27516375000000004,
        0.27035741700000004,
        0.278744459,
        0.250456917,
        0.28602966700000004,
        0.313684833,
        0.28748954200000004,
        0.28656600000000004,
        0.28447337500000003,
        0.27120883300000004
      ],
      "memory_usage_byte": [
        86343680,
        86343680,
        86343680,
        86343680,
        86343680,
        86343680,
        86343680,
        86343680,
        86343680,
        86343680,
        86343680
      ],
      "exit_codes": [
        0,
        0,
        0,
        0,
        0,
        0,
        0,
        0,
        0,
        0,
        0
      ]
    },
    {
      "command": "lightpanda",
      "mean": 0.270493715909091,
      "stddev": 0.022171788416047954,
      "median": 0.26671108400000004,
      "user": 0.024282454545454545,
      "system": 0.00947790909090909,
      "min": 0.23622045800000002,
      "max": 0.32256083300000005,
      "times": [
        0.252969875,
        0.23622045800000002,
        0.26251308300000004,
        0.26671108400000004,
        0.26824562500000004,
        0.266099125,
        0.288548167,
        0.26030616700000003,
        0.267312125,
        0.283944333,
        0.32256083300000005
      ],
      "memory_usage_byte": [
        86343680,
        86343680,
        86343680,
        86343680,
        86343680,
        86343680,
        86343680,
        86343680,
        86343680,
        86343680,
        86343680
      ],
      "exit_codes": [
        0,
        0,
        0,
        0,
        0,
        0,
        0,
        0,
        0,
        0,
        0
      ]
    },
    {
      "command": "playwright:optimized",
      "mean": 0.5525117167,
      "stddev": 0.017512010942754258,
      "median": 0.552187042,
      "user": 0.4082445999999999,
      "system": 0.1875372,
      "min": 0.522797666,
      "max": 0.583761375,
      "times": [
        0.5345490420000001,
        0.522797666,
        0.564852584,
        0.551426084,
        0.552948,
        0.5487645,
        0.583761375,
        0.5566831670000001,
        0.568514916,
        0.540819833
      ],
      "memory_usage_byte": [
        93798400,
        93798400,
        94027776,
        94027776,
        94142464,
        94142464,
        94142464,
        94142464,
        94142464,
        94142464
      ],
      "exit_codes": [
        0,
        0,
        0,
        0,
        0,
        0,
        0,
        0,
        0,
        0
      ]
    }
  ]
}
