{
  "results": [
    {
      "command": "servo-fetch (N=1)",
      "mean": 0.2514649488461539,
      "stddev": 0.03925182595625623,
      "median": 0.23029300000000003,
      "user": 0.054483230769230756,
      "system": 0.08979769230769231,
      "min": 0.22007875000000002,
      "max": 0.33657375,
      "times": [
        0.222569375,
        0.23785233300000003,
        0.33657375,
        0.309286917,
        0.235239459,
        0.22434666700000003,
        0.279312875,
        0.23029300000000003,
        0.2256195,
        0.22969225000000001,
        0.22433708400000002,
        0.29384237500000004,
        0.22007875000000002
      ],
      "memory_usage_byte": [
        83787776,
        83787776,
        84197376,
        84197376,
        84197376,
        84197376,
        84197376,
        84197376,
        84197376,
        84197376,
        84197376,
        84197376,
        84197376
      ],
      "exit_codes": [
        0,
        0,
        0,
        0,
        0,
        0,
        0,
        0,
        0,
        0,
        0,
        0,
        0
      ]
    },
    {
      "command": "playwright:optimized (N=1)",
      "mean": 0.6159458832,
      "stddev": 0.050484805942545806,
      "median": 0.6184641665,
      "user": 0.4138561,
      "system": 0.1941407,
      "min": 0.5391484160000001,
      "max": 0.6977792500000001,
      "times": [
        0.641306,
        0.6977792500000001,
        0.571659125,
        0.613874,
        0.623054333,
        0.681587291,
        0.625739791,
        0.5595969590000001,
        0.5391484160000001,
        0.6057136670000001
      ],
      "memory_usage_byte": [
        94650368,
        94650368,
        94650368,
        94650368,
        94650368,
        94650368,
        94650368,
        94650368,
        94650368,
        94650368
      ],
      "exit_codes": [
        0,
        0,
        0,
        0,
        0,
        0,
        0,
        0,
        0,
        0
      ]
    }
  ]
}
