{
  "results": [
    {
      "command": "servo-fetch",
      "mean": 0.2308610069166667,
      "stddev": 0.01670010838573916,
      "median": 0.22506241650000003,
      "user": 0.05366416666666667,
      "system": 0.08875891666666667,
      "min": 0.213911334,
      "max": 0.27137175,
      "times": [
        0.231247042,
        0.219232417,
        0.27137175,
        0.229774041,
        0.22208079100000003,
        0.221213125,
        0.247584875,
        0.228044042,
        0.247420458,
        0.21945983300000002,
        0.21899237500000002,
        0.213911334
      ],
      "memory_usage_byte": [
        83640320,
        83640320,
        86425600,
        86425600,
        86425600,
        86425600,
        86425600,
        86425600,
        86425600,
        86425600,
        86425600,
        86425600
      ],
      "exit_codes": [
        0,
        0,
        0,
        0,
        0,
        0,
        0,
        0,
        0,
        0,
        0,
        0
      ]
    },
    {
      "command": "chrome-headless-shell",
      "mean": 0.27363623500000006,
      "stddev": 0.010944788003720705,
      "median": 0.27226129200000004,
      "user": 0.20924363636363638,
      "system": 0.12412545454545455,
      "min": 0.257923292,
      "max": 0.302285833,
      "times": [
        0.267654875,
        0.276645125,
        0.273341583,
        0.268524875,
        0.27226129200000004,
        0.271155833,
        0.302285833,
        0.273576959,
        0.278358834,
        0.268270084,
        0.257923292
      ],
      "memory_usage_byte": [
        86425600,
        86425600,
        86425600,
        86425600,
        86425600,
        86425600,
        86425600,
        86425600,
        86425600,
        86425600,
        86425600
      ],
      "exit_codes": [
        0,
        0,
        0,
        0,
        0,
        0,
        0,
        0,
        0,
        0,
        0
      ]
    },
    {
      "command": "lightpanda",
      "mean": 0.2951807803636364,
      "stddev": 0.02496324623524564,
      "median": 0.291428458,
      "user": 0.023687545454545447,
      "system": 0.008693090909090909,
      "min": 0.264451959,
      "max": 0.33697654200000005,
      "times": [
        0.265683875,
        0.319329959,
        0.28343412500000004,
        0.29274845800000004,
        0.33697654200000005,
        0.264451959,
        0.27847729200000004,
        0.27598,
        0.32711270800000003,
        0.311365208,
        0.291428458
      ],
      "memory_usage_byte": [
        86425600,
        86425600,
        86425600,
        86425600,
        86425600,
        86425600,
        86425600,
        86425600,
        86425600,
        86425600,
        86425600
      ],
      "exit_codes": [
        0,
        0,
        0,
        0,
        0,
        0,
        0,
        0,
        0,
        0,
        0
      ]
    },
    {
      "command": "playwright:optimized",
      "mean": 0.6452641917000002,
      "stddev": 0.05995675441548638,
      "median": 0.643397354,
      "user": 0.39886259999999996,
      "system": 0.1855134,
      "min": 0.56443975,
      "max": 0.726844542,
      "times": [
        0.5895465830000001,
        0.726844542,
        0.7076245830000001,
        0.64369325,
        0.68857425,
        0.6107606250000001,
        0.571868459,
        0.706188417,
        0.6431014580000001,
        0.56443975
      ],
      "memory_usage_byte": [
        93847552,
        93847552,
        93847552,
        93847552,
        93847552,
        93847552,
        93847552,
        93847552,
        93847552,
        93847552
      ],
      "exit_codes": [
        0,
        0,
        0,
        0,
        0,
        0,
        0,
        0,
        0,
        0
      ]
    }
  ]
}
