{
  "results": [
    {
      "command": "servo-fetch (N=4)",
      "mean": 0.2742734242727272,
      "stddev": 0.009951760927789094,
      "median": 0.271399959,
      "user": 0.10371809090909091,
      "system": 0.12343209090909091,
      "min": 0.26428012500000003,
      "max": 0.299448875,
      "times": [
        0.26812250000000004,
        0.266461959,
        0.271399959,
        0.276407458,
        0.26428012500000003,
        0.27480950000000004,
        0.299448875,
        0.277619208,
        0.28183162500000003,
        0.26667212500000004,
        0.269954333
      ],
      "memory_usage_byte": [
        103481344,
        103481344,
        103481344,
        103481344,
        103481344,
        103481344,
        103481344,
        103481344,
        103481344,
        103481344,
        103481344
      ],
      "exit_codes": [
        0,
        0,
        0,
        0,
        0,
        0,
        0,
        0,
        0,
        0,
        0
      ]
    },
    {
      "command": "playwright:optimized (N=4)",
      "mean": 0.5925218332,
      "stddev": 0.015144187094986957,
      "median": 0.587575854,
      "user": 0.612252,
      "system": 0.3170138,
      "min": 0.570190167,
      "max": 0.6256765830000001,
      "times": [
        0.586143041,
        0.597463708,
        0.6256765830000001,
        0.605007375,
        0.5859851660000001,
        0.570190167,
        0.585909125,
        0.589008667,
        0.581768292,
        0.598066208
      ],
      "memory_usage_byte": [
        103481344,
        103481344,
        103481344,
        103481344,
        103481344,
        103481344,
        103481344,
        103481344,
        103481344,
        103481344
      ],
      "exit_codes": [
        0,
        0,
        0,
        0,
        0,
        0,
        0,
        0,
        0,
        0
      ]
    }
  ]
}
