{
  "results": [
    {
      "command": "servo-fetch (N=2)",
      "mean": 0.275514682,
      "stddev": 0.020760592501674096,
      "median": 0.269935334,
      "user": 0.07752663636363635,
      "system": 0.11760427272727272,
      "min": 0.25368250000000003,
      "max": 0.32079933400000005,
      "times": [
        0.269987042,
        0.26258220800000004,
        0.28761695800000003,
        0.2835165,
        0.25940012500000004,
        0.263150584,
        0.269935334,
        0.25368250000000003,
        0.32079933400000005,
        0.301096958,
        0.258893959
      ],
      "memory_usage_byte": [
        93110272,
        93110272,
        93110272,
        93110272,
        93421568,
        93421568,
        93421568,
        93421568,
        93421568,
        93421568,
        93421568
      ],
      "exit_codes": [
        0,
        0,
        0,
        0,
        0,
        0,
        0,
        0,
        0,
        0,
        0
      ]
    },
    {
      "command": "playwright:optimized (N=2)",
      "mean": 0.5746340583,
      "stddev": 0.04130709472892285,
      "median": 0.5562161255,
      "user": 0.4865653,
      "system": 0.2363186,
      "min": 0.5474565,
      "max": 0.6736992500000001,
      "times": [
        0.5585679170000001,
        0.553864334,
        0.549976125,
        0.6736992500000001,
        0.559648541,
        0.622131416,
        0.57690775,
        0.5474565,
        0.5522839580000001,
        0.551804792
      ],
      "memory_usage_byte": [
        94142464,
        94142464,
        94240768,
        94289920,
        94289920,
        94289920,
        94289920,
        94289920,
        94289920,
        94289920
      ],
      "exit_codes": [
        0,
        0,
        0,
        0,
        0,
        0,
        0,
        0,
        0,
        0
      ]
    }
  ]
}
