{
  "results": [
    {
      "command": "servo-fetch (N=8)",
      "mean": 0.3066007501,
      "stddev": 0.020774700066876293,
      "median": 0.2989452295,
      "user": 0.153902,
      "system": 0.1418236,
      "min": 0.2889255,
      "max": 0.354728625,
      "times": [
        0.29915162500000003,
        0.298738834,
        0.354728625,
        0.30803458300000003,
        0.296078834,
        0.2889255,
        0.29230633300000003,
        0.29267575,
        0.30387029200000004,
        0.331497125
      ],
      "memory_usage_byte": [
        107610112,
        107790336,
        107790336,
        109101056,
        109101056,
        109101056,
        109101056,
        109576192,
        109576192,
        109576192
      ],
      "exit_codes": [
        0,
        0,
        0,
        0,
        0,
        0,
        0,
        0,
        0,
        0
      ]
    },
    {
      "command": "playwright:optimized (N=8)",
      "mean": 0.6642434501000001,
      "stddev": 0.03162689266724899,
      "median": 0.6582109165000001,
      "user": 0.8763751,
      "system": 0.47378099999999995,
      "min": 0.628315167,
      "max": 0.7459907920000001,
      "times": [
        0.6559822080000001,
        0.666956958,
        0.665447333,
        0.648112542,
        0.628315167,
        0.6604396250000001,
        0.6415175830000001,
        0.7459907920000001,
        0.6558927090000001,
        0.673779584
      ],
      "memory_usage_byte": [
        109576192,
        109576192,
        109576192,
        109576192,
        109576192,
        109576192,
        109576192,
        109576192,
        109576192,
        109576192
      ],
      "exit_codes": [
        0,
        0,
        0,
        0,
        0,
        0,
        0,
        0,
        0,
        0
      ]
    }
  ]
}
